9649233300|964923330000000|00035|CHESTNUT|ST|03|30066
9639854122|963985412200000|00317|PEARSON|DR|03|28801
9649146193|964914619300000|99999|BROADWAY|ST|03|28801
9639855135|963985513500000|00097|SANTEE|ST|03|28801
9639854065|963985406500000|00315|PEARSON|DR|03|28801
9649231221|964923122100000|00053|CHESTNUT|ST|03|28801
9649232086|964923208600000|00050|CHESTNUT|ST|03|28801
9649236033|964923603300000|00054|ELIZABETH|PL|03|28801
9649234183|964923418300000|00059|WOODLAWN|AVE|03|28801
9649233628|964923362800000|99999|MAGNOLIA|AVE|03|28804
9649237106|964923710600000|00057|ELIZABETH|PL|03|28801
9649234167|964923416700000|00063|WOODLAWN|AVE|03|28801
9649233076|964923307600000|00056|WOODLAWN|AVE|03|28803
9649230109|964923010900000|00179|FLINT|ST|03|28801
9649232427|964923242700000|00026|MAGNOLIA|AVE|03|28605
9649230150|964923015000000|00175|FLINT|ST|03|28801
9649231124|964923112400000|00055|CHESTNUT|ST|03|28801
9649144081|964914408100000|00265|FLINT|ST|03|28801
9649238213|964923821300000|00257|BROADWAY|ST|03|28801
9649237067|964923706700000|99999|ELIZABETH|PL|03|28802
9649229732|964922973200000|00037|ELIZABETH|PL|03|28801
9649232246|964923224600000|00043|CHESTNUT|ST|03|28801
9649234398|964923439800000|99999|CHESTNUT|ST|03|28801
9649231042|964923104200000|00169|FLINT|ST|03|28801
9649236516|964923651600000|99999|BROADWAY|ST|03|28803
9649236320|964923632000000|00065|ELIZABETH|PL|03|28801
9649236533|964923653300000|99999|BROADWAY|ST|03|28803
9649239110|964923911000000|00241|BROADWAY|ST|03|28801
9649233140|964923314000000|00058|WOODLAWN|AVE|03|28801
9649235553|964923555300000|99999|MAGNOLIA|AVE|03|28709
9649228904|964922890400000|00024|ELIZABETH|ST|03|28801
9639932888|963993288800000|00204|PEARSON|DR|03|90049
9639933707|963993370700000|00007|ROSEWOOD|AVE|03|28801
9649020227|964902022700000|99999|MORROW|ST|03|28802
9649231630|964923163000000|00023|MAGNOLIA|AVE|03|28801
9649235465|964923546500000|99999|CHESTNUT|ST|03|28802
9649231495|964923149500000|99999|MAGNOLIA|AVE|03|28801
9649235221|964923522100000|00062|ELIZABETH|PL|03|28801
9649235147|964923514700000|00060|ELIZABETH|PL|03|28801
9649236189|964923618900000|00059|ELIZABETH|PL|03|28801
9649230124|964923012400000|00177|FLINT|ST|03|28801
9649232348|964923234800000|00026|YOUNG|ST|03|28801
9649236302|964923630200000|99999|ELIZABETH|PL|03|28801
9649229388|964922938800000|00025|STARNES|AVE|03|28802
9649234495|964923449500000|99999|CHESTNUT|ST|03|28802
9649021976|964902197600000|99999|GRAY|ST|03|28801
9649020256|964902025600000|99999|MORROW|ST|03|28802
9649021247|964902124700000|99999|MORROW|ST|03|28802
9649020179|964902017900000|99999|MORROW|ST|03|28802
9649233379|964923337900000|00031|YOUNG|ST|03|28806
9649021907|964902190700000|00019|GRAY|ST|03|28801
9649320428|964932042800000|00025|ELIZABETH|PL|03|28802
9649231273|964923127300000|00049|CHESTNUT|ST|03|90291
9649234294|964923429400000|00066|ELIZABETH|PL|03|33701
9649231705|964923170500000|99999|BROADWAY|ST|03|28802
9649021065|964902106500000|99999|JERSEY|ST|03|28802
9649021149|964902114900000|99999|MORROW|ST|03|28802
9649237063|964923706300000|00049|ELIZABETH|PL|03|28802
9649231733|964923173300000|99999|BROADWAY|ST|03|28802
9649233572|964923357200000|00014|MAGNOLIA|AVE|03|28801
9649019556|964901955600000|99999|WOODSIDE|PL|03|29602
9649320816|964932081600000|99999|BROADWAY|ST|03|28802
9649322493|964932249300000|00133|BROADWAY|ST|03|28804
9649321627|964932162700000|99999|BROADWAY|ST|03|28603
9649321681|964932168100000|99999|BROADWAY|ST|03|28802
9649020296|964902029600000|99999|MORROW|ST|03|28802
9649320479|964932047900000|99999|STARNES|AVE|03|28802
9649322261|964932226100000|99999|ELIZABETH|PL|03|28230
9649322533|964932253300000|99999|BROADWAY|ST|03|28802
9649235034|964923503400000|00053|WOODLAWN|AVE|03|28805
9649237361|964923736100000|00265|BROADWAY|ST|03|28801
9649321513|964932151300000|99999|STARNES|AVE|03|28802
9649323284|964932328400000|00001|CHERRY|ST|03|28802
9649322507|964932250700000|00183|BROADWAY|ST|03|28802
9649323113|964932311300000|00005|ELIZABETH|PL|03|28804
9649124545|964912454500000|00128|CHESTNUT|ST|03|95008
9649320073|964932007300000|00029|CHERRY|ST|03|28804
9649322326|964932232600000|00014|STARNES|AVE|03|28801
9649233080|964923308000000|00054|WOODLAWN|AVE|03|28215
9649233124|964923312400000|00072|WOODLAWN|AVE|03|28806
9649323037|964932303700000|00017|CHERRY|ST|03|28801
9649124501|964912450100000|00132|CHESTNUT|ST|03|28801
9649237140|964923714000000|99999|ELIZABETH|PL|03|28802
9649229429|964922942900000|00028|ELIZABETH|PL|03|28753
9639910514|963991051400000|99999|COURTLAND|PL|03|99999
9639907141|963990714100000|99999|CROSS|PL|03|27104
9649238026|964923802600000|99999|ELIZABETH|PL|03|28802
9649020947|964902094700000|00023|GRAY|ST|03|28801
9649237123|964923712300000|00055|ELIZABETH|PL|03|28801
9649236550|964923655000000|99999|BROADWAY|ST|03|28801
9649234302|964923430200000|99999|CHESTNUT|ST|03|28807
9649235130|964923513000000|00055|WOODLAWN|AVE|03|28801
9649229401|964922940100000|00033|STARNES|AVE|03|28167
9639940917|963994091700000|00438|MONTFORD|AVE|03|28801
9639911648|963991164800000|00200|COURTLAND|PL|03|28777
9639930552|963993055200000|00049|ROSEWOOD|AVE|03|28801
9639912786|963991278600000|00184|COURTLAND|PL|03|28806
9639839607|963983960700000|00020|HAWTHORNE|LN|03|28801
9649323327|964932332700000|99999|BROADWAY|ST|03|28804
9649236263|964923626300000|00061|ELIZABETH|PL|03|28801
9649235597|964923559700000|99999|BROADWAY|ST|03|28803
9639847562|963984756200000|00254|PEARSON|DR|03|28801
9649236247|964923624700000|00063|ELIZABETH|PL|03|28801
9639929236|963992923600000|99999|MORROW|ST|03|28802
9639910662|963991066200000|00202|COURTLAND|PL|03|28802
9639834895|963983489500000|00028|WESTOVER|DR|03|28801
9639931694|963993169400000|00004|HAWTHORNE|LN|03|28801
9639917702|963991770200000|00148|COURTLAND|PL|03|28801
9639869068|963986906800000|00600|BULLDOG|DR|03|28211
9639859008|963985900800000|00440|MONTFORD|AVE|03|28801
9639929826|963992982600000|00024|RICHIE|ST|03|28801
9639915152|963991515200000|00119|HOUSTON|ST|03|28801
9639931512|963993151200000|00045|ROSEWOOD|AVE|03|28801
9639911583|963991158300000|00197|COURTLAND|PL|03|28801
9639935415|963993541500000|99999|SARA|ST|03|28802
9639860809|963986080900000|99999|MONTFORD|AVE|09|28144
9639906944|963990694400000|00177|HOUSTON|CIR|03|28801
9639911791|963991179100000|00168|COURTLAND|PL|03|28714
9639929269|963992926900000|99999|MORROW|ST|03|28802
9639918464|963991846400000|00098|HOUSTON|ST|03|28803
9639914130|963991413000000|00135|HOUSTON|ST|03|28801
9639915607|963991560700000|00151|COURTLAND|PL|03|28801
9649321373|964932137300000|00018|STARNES|AVE|03|28806
9639853688|963985368800000|00023|MELBOURNE|PL|03|28801
9649235098|964923509800000|00056|ELIZABETH|PL|03|28715
9649234524|964923452400000|00010|MAGNOLIA|AVE|03|28802
9649234587|964923458700000|00008|MAGNOLIA|AVE|03|28709
9649233419|964923341900000|00020|MAGNOLIA|AVE|03|68970
9649320288|964932028800000|00026|STARNES|AVE|03|28803
9639914181|963991418100000|00133|HOUSTON|ST|03|28801
9639919449|963991944900000|99999|HOUSTON|ST|03|28801
9639908107|963990810700000|00013|CROSS|PL|03|28728
9639853250|963985325000000|00321|PEARSON|DR|03|28801
9639937021|963993702100000|00041|GRAY|ST|03|28801
9639916155|963991615500000|00117|HOUSTON|ST|03|28802
9639931304|963993130400000|00034|ROSEWOOD|AVE|03|28801
9639851682|963985168200000|00024|MELBOURNE|PL|03|28804
9639851616|963985161600000|00022|HIBRITEN|DR|03|28801
9639918852|963991885200000|00128|COURTLAND|AVE|03|28801
9639942887|963994288700000|00406|MONTFORD|AVE|03|28801
9639919407|963991940700000|00096|HOUSTON|ST|03|28801
9639928847|963992884700000|00028|RICHIE|ST|03|28801
9639936462|963993646200000|00045|BIRCH|ST|03|30002
9639936186|963993618600000|00054|GRAY|ST|03|28801
9639929998|963992999800000|99999|GRAY|ST|03|28801
9639905940|963990594000000|00179|HOUSTON|CIR|03|28801
9639854602|963985460200000|00015|MELBOURNE|PL|03|28801
9639937451|963993745100000|00041|BIRCH|ST|03|10901
9639903984|963990398400000|99999|COURTLAND|AVE|03|28758
9639909228|963990922800000|99999|CROSS|PL|03|28804
9639852888|963985288800000|00037|MELBOURNE|PL|03|22655
9639936724|963993672400000|00174|PEARSON|DR|03|28801
9639927897|963992789700000|00030|RICHIE|ST|03|28801
9639932818|963993281800000|00208|PEARSON|DR|03|28801
9639935757|963993575700000|00180|PEARSON|DR|03|28801
9639932690|963993269000000|00015|ROSEWOOD|AVE|03|28277
9639937959|963993795900000|00167|PEARSON|DR|03|28801
9639935084|963993508400000|99999|JANE|ST|03|28802
9639918283|963991828300000|00097|HOUSTON|ST|03|28625
9639935070|963993507000000|00005|JANE|ST|03|28801
9639855364|963985536400000|00001|MELBOURNE|PL|03|28704
9639936491|963993649100000|00043|BIRCH|ST|03|28801
9639913085|963991308500000|00137|HOUSTON|ST|03|28801
9639933857|963993385700000|00196|PEARSON|DR|03|87505
9639913611|963991361100000|00185|COURTLAND|PL|03|28801
9639909306|963990930600000|00022|CROSS|PL|03|28801
9639935465|963993546500000|99999|SARA|ST|03|28802
9639932583|963993258300000|00019|ROSEWOOD|AVE|03|28801
9639914636|963991463600000|00171|COURTLAND|PL|03|28173
9639926869|963992686900000|00040|RICHIE|ST|03|28802
9639937542|963993754200000|00009|BIRCH|PL|03|28801
9639936519|963993651900000|99999|SARA|ST|03|28801
9639906139|963990613900000|00008|CROSS|PL|03|28801
9639853208|963985320800000|00323|PEARSON|DR|03|28801
9639744607|963974460700000|00436|PEARSON|DR|03|28801
9639749309|963974930900000|00091|TACOMA|CIR|03|28801
9639850531|963985053100000|00011|HIBRITEN|DR|03|28801
9639842057|963984205700000|00197|TACOMA|CIR|03|28801
9639843745|963984374500000|99999|PEARSON|DR|03|28801
9639847653|963984765300000|00270|PEARSON|DR|03|28801
9639832105|963983210500000|00090|WESTOVER|DR|03|20817
9639758145|963975814500000|00380|PEARSON|DR|03|28801
9639816540|963981654000000|00236|COURTLAND|PL|03|28801
9639758326|963975832600000|00341|PEARSON|DR|03|28801
9639850453|963985045300000|00005|HIBRITEN|DR|03|30066
9639833636|963983363600000|00049|WESTOVER|DR|03|28801
9639834890|963983489000000|00036|WESTOVER|DR|03|28801
9639845434|963984543400000|00025|TACOMA|PL|03|28801
9639834990|963983499000000|00026|WESTOVER|DR|03|28801
9639850759|963985075900000|00028|HIBRITEN|DR|03|28801
9639848399|963984839900000|00240|PEARSON|DR|03|33140
9639841795|963984179500000|00320|WESTOVER|DR|03|28801
9639908317|963990831700000|00018|CROSS|PL|03|10069
9639842868|963984286800000|99999|PEARSON|DR|03|28801
9639842928|963984292800000|00314|PEARSON|DR|03|28730
9639737505|963973750500000|00020|SYLVAN|AVE|03|28801
9639832691|963983269100000|00051|WESTOVER|DR|03|28804
9639833118|963983311800000|00082|WESTOVER|DR|03|28801
9639851471|963985147100000|00327|PEARSON|DR|03|28801
9639839573|963983957300000|00053|ROSEWOOD|AVE|03|28801
9639846116|963984611600000|00032|TACOMA|ST|03|28805
9639843898|963984389800000|99999|PEARSON|DR|03|28801
9639840331|963984033100000|00088|TACOMA|CIR|03|09020
9639834457|963983445700000|00056|WESTOVER|DR|03|28801
9639833273|963983327300000|00078|WESTOVER|DR|03|28801
9639837592|963983759200000|00061|ROSEWOOD|AVE|03|28802
9639837691|963983769100000|00065|ROSEWOOD|AVE|03|28802
9639842003|963984200300000|00193|TACOMA|CIR|03|28801
9639834450|963983445000000|00064|WESTOVER|DR|03|28801
9639834334|963983433400000|00068|WESTOVER|DR|03|28704
9639843585|963984358500000|00031|TACOMA|PL|03|28801
9639834227|963983422700000|00074|WESTOVER|DR|03|02493
9639840664|963984066400000|00305|WESTOVER|DR|03|28801
9639914822|963991482200000|00166|COURTLAND|PL|03|28803
9639925960|963992596000000|99999|JANE|ST|03|28802
9639958299|963995829900000|00045|PANOLA|ST|03|28801
9639946268|963994626800000|00020|WATAUGA|ST|03|28801
9639955966|963995596600000|00075|ZILLICOA|ST|03|28815
9639937185|963993718500000|00048|GRAY|ST|03|28804
9639957313|963995731300000|00053|PANOLA|ST|03|28801
9639942361|963994236100000|00048|WATAUGA|ST|03|28801
9639946071|963994607100000|00169|PEARSON|DR|03|28804
9639945784|963994578400000|00372|MONTFORD|AVE|03|28801
9639944014|963994401400000|00189|PEARSON|DR|03|28801
9639954813|963995481300000|00063|ZILLICOA|ST|03|33156
9639942215|963994221500000|00235|PEARSON|DR|03|28801
9639932550|963993255000000|00037|ROSEWOOD|AVE|03|28801
9649125401|964912540100000|99999|BLAKE|ST|03|28801
9639932324|963993232400000|00030|ROSEWOOD|AVE|03|28801
9639916856|963991685600000|00160|COURTLAND|PL|03|95570
9639929096|963992909600000|99999|JERSEY|ST|03|28802
9639938962|963993896200000|00159|PEARSON|DR|03|28801
9639903979|963990397900000|99999|COURTLAND|AVE|03|28801
9639911439|963991143900000|00205|COURTLAND|PL|03|28801
9639934558|963993455800000|00014|ROSEWOOD|AVE|03|28801
9639936404|963993640400000|00051|BIRCH|ST|03|28801
9639929285|963992928500000|99999|MORROW|ST|03|28802
9639959426|963995942600000|00058|PANOLA|ST|03|28801
9649234349|964923434900000|99999|CHESTNUT|ST|03|20011
9649237325|964923732500000|99999|BROADWAY|ST|03|28802
9649238163|964923816300000|00251|BROADWAY|ST|03|28801
9649234221|964923422100000|00067|WOODLAWN|AVE|03|28803
9649235651|964923565100000|99999|BROADWAY|ST|03|28803
9639744457|963974445700000|00224|WESTOVER|DR|03|28801
9639744500|963974450000000|00304|WESTOVER|DR|03|28801
9639735917|963973591700000|00203|WESTOVER|DR|03|28801
9639735779|963973577900000|00195|WESTOVER|DR|03|28801
9639737880|963973788000000|00143|TACOMA|CIR|03|28804
9639748320|963974832000000|00101|TACOMA|CIR|03|28805
9649321674|964932167400000|99999|BROADWAY|ST|03|28802
9649323170|964932317000000|00009|CHERRY|ST|03|28806
9639746123|963974612300000|00119|TACOMA|CIR|03|28801
9639748354|963974835400000|00097|TACOMA|CIR|03|28801
9639747233|963974723300000|00111|TACOMA|CIR|03|28801
9639744405|963974440500000|00222|WESTOVER|DR|03|28801
9639737837|963973783700000|00135|TACOMA|CIR|03|28801
9639746689|963974668900000|00312|WESTOVER|DR|03|28801
9639746169|963974616900000|00115|TACOMA|CIR|03|28801
9639743079|963974307900000|99999|WESTOVER|DR|03|27006
9639747453|963974745300000|00237|WESTOVER|ALY|03|33122
9639742538|963974253800000|00448|PEARSON|DR|03|28816
9639737278|963973727800000|99999|WESTOVER|DR|03|28802
9639735672|963973567200000|00021|SYLVAN|AVE|03|28801
9639737692|963973769200000|00008|SYLVAN|AVE|03|28801
9639749815|963974981500000|00316|WESTOVER|DR|03|28801
9639759702|963975970200000|00037|HIBRITEN|DR|03|28801
9649019293|964901929300000|99999|WOODSIDE|PL|03|29602
9639747754|963974775400000|00315|WESTOVER|DR|03|28801
9639833702|963983370200000|00041|WESTOVER|DR|03|28208
9639840204|963984020400000|00094|TACOMA|CIR|03|28801
9639845315|963984531500000|00041|TACOMA|ST|03|28801
9639845365|963984536500000|00039|TACOMA|ST|03|28801
9639840540|963984054000000|00079|TACOMA|CIR|03|19380
9639749432|963974943200000|00087|TACOMA|CIR|03|28801
9639819459|963981945900000|99999|COURTLAND|PL|03|28804
9639831842|963983184200000|99999|TACOMA|CIR|03|28801
9639745532|963974553200000|00306|WESTOVER|DR|03|28704
9639749636|963974963600000|00259|WESTOVER|ALY|03|28805
9649010512|964901051200000|00076|HOUSTON|ST|03|28777
9649015950|964901595000000|00004|HOUSTON|ST|03|28801
9649003214|964900321400000|99999|ROOSEVELT|ST|03|99999
9649011599|964901159900000|00064|HOUSTON|ST|03|28801
9649016821|964901682100000|00009|HOUSTON|ST|03|28801
9649015552|964901555200000|00035|HOUSTON|ST|03|28801
9649018471|964901847100000|99999|WOODSIDE|PL|03|29602
9649011399|964901139900000|00073|HOUSTON|ST|03|28801
9649012919|964901291900000|99999|JERSEY|ST|03|28802
9649007805|964900780500000|99999|BARFIELD|AVE|03|29602
9649002247|964900224700000|99999|ROOSEVELT|ST|03|10469
9639855061|963985506100000|00301|PEARSON|DR|03|28801
9639908331|963990833100000|00020|CROSS|PL|03|34133
9639917577|963991757700000|00135|COURTLAND|AVE|03|28802
9639910480|963991048000000|99999|COURTLAND|PL|03|28704
9639935187|963993518700000|00058|GRAY|ST|03|28801
9639918420|963991842000000|00100|HOUSTON|ST|03|28801
9639932697|963993269700000|00011|ROSEWOOD|AVE|03|28801
9639912595|963991259500000|00187|COURTLAND|PL|03|28801
9639915686|963991568600000|00157|COURTLAND|PL|03|28801
9639937715|963993771500000|00166|PEARSON|DR|03|28801
9639919845|963991984500000|00124|COURTLAND|AVE|03|28801
9639934426|963993442600000|00018|ROSEWOOD|AVE|03|28801
9639936136|963993613600000|00056|GRAY|ST|03|28801
9639862576|963986257600000|00033|KLONDYKE|PL|03|28801
9639918894|963991889400000|00126|COURTLAND|AVE|03|28801
9639929929|963992992900000|00033|GRAY|ST|03|28801
9639904388|963990438800000|99999|COTTAGE|CT|03|28778
9639915080|963991508000000|00185|HOUSTON|PL|03|28801
9639911553|963991155300000|00196|COURTLAND|PL|03|28711
9639852907|963985290700000|00041|MELBOURNE|PL|03|27614
9639925855|963992585500000|99999|JANE|ST|03|28802
9639929158|963992915800000|99999|MORROW|ST|03|28802
9639935539|963993553900000|00004|SARA|ST|03|28801
9639936071|963993607100000|00043|GRAY|ST|03|28801
9639938296|963993829600000|00008|BIRCH|ST|03|28801
9639941818|963994181800000|99999|MONTFORD|AVE|03|28801
9639915871|963991587100000|00162|COURTLAND|PL|03|28801
9639908272|963990827200000|00015|CROSS|PL|03|02163
9639905937|963990593700000|00180|HOUSTON|PL|03|28712
9639909252|963990925200000|00034|GREENLEE|AVE|03|28801
9639931635|963993163500000|00008|HAWTHORNE|LN|03|28801
9639931572|963993157200000|99999|ROSEWOOD|AVE|03|28801
9639933480|963993348000000|00022|ROSEWOOD|AVE|03|38138
9639959476|963995947600000|00390|CUMBERLAND|AVE|03|28801
9639962723|963996272300000|00158|ZILLICOA|ST|03|28801
9639946567|963994656700000|00346|MONTFORD|AVE|03|28805
9639937060|963993706000000|00039|GRAY|ST|03|28801
9639910749|963991074900000|99999|COURTLAND|PL|03|28804
9639918693|963991869300000|00131|COURTLAND|AVE|03|28801
9639847156|963984715600000|00024|TACOMA|ST|03|28801
9639853763|963985376300000|00027|MELBOURNE|PL|03|28801
9639852942|963985294200000|00039|MELBOURNE|PL|03|27614
9639846676|963984667600000|00282|PEARSON|DR|03|28801
9639834995|963983499500000|00022|WESTOVER|DR|03|28801
9649018263|964901826300000|00021|JASON|ST|03|29602
9649018904|964901890400000|00002|ARBORVALE|RD|03|28801
9649018487|964901848700000|99999|WOODSIDE|PL|03|29602
9649009507|964900950700000|99999|BARFIELD|AVE|03|29602
9649011549|964901154900000|00068|HOUSTON|ST|03|28802
9649018515|964901851500000|00027|ARBORVALE|RD|03|29631
9649010596|964901059600000|00072|HOUSTON|ST|03|28801
9649019064|964901906400000|99999|JASON|ST|03|29602
9649022727|964902272700000|00027|MADISON|ST|03|28801
9639852515|963985251500000|00020|MELBOURNE|PL|03|28804
9649007782|964900778200000|99999|BARFIELD|AVE|03|29602
9649017487|964901748700000|00029|ARBORVALE|RD|03|28210
9649018377|964901837700000|99999|WOODSIDE|PL|03|29602
9649009717|964900971700000|99999|MICHAEL|ST|03|29602
9649007856|964900785600000|99999|MICHAEL|ST|03|29602
9649022799|964902279900000|99999|PEARSON|DR|03|28801
9649015511|964901551100000|00049|HOUSTON|ST|03|28801
9649008957|964900895700000|99999|JASON|ST|03|29602
9649001095|964900109500000|00021|GREENLEE|AVE|03|28801
9649017425|964901742500000|00031|ARBORVALE|RD|03|28801
9639949084|963994908400000|00300|MONTFORD|AVE|03|28801
9649011347|964901134700000|00075|HOUSTON|ST|03|28801
9649008810|964900881000000|99999|MICHAEL|ST|03|29602
9649026714|964902671400000|00043|PEARSON|DR|03|28801
9649010618|964901061800000|00121|COURTLAND|AVE|03|28801
9649007790|964900779000000|99999|BARFIELD|AVE|03|29602
9649014635|964901463500000|99999|HOUSTON|ST|03|99999
9649006784|964900678400000|99999|BARFIELD|AVE|03|29602
9649026328|964902632800000|00023|PEARSON|DR|03|28801
9649012481|964901248100000|00061|HOUSTON|ST|03|28801
9649017367|964901736700000|99999|WOODSIDE|PL|03|29602
9639918529|963991852900000|00133|COURTLAND|AVE|03|28753
9639938000|963993800000000|00037|GRAY|ST|03|28803
9649015628|964901562800000|00025|HOUSTON|ST|03|20016
9639937135|963993713500000|00052|GRAY|ST|03|28801
9639946011|963994601100000|00171|PEARSON|DR|03|28801
9639942542|963994254200000|00051|WATAUGA|ST|03|28803
9639938246|963993824600000|99999|BIRCH|ST|03|28801
9639944073|963994407300000|00185|PEARSON|DR|03|33140
9639938154|963993815400000|00038|GRAY|ST|03|28804
9639826325|963982632500000|00053|BIRCH|ST|03|28802
9639831977|963983197700000|00181|TACOMA|CIR|03|28801
9639832344|963983234400000|99999|WESTOVER|DR|03|07450
9639832368|963983236800000|00067|WESTOVER|DR|03|07450
9639830421|963983042100000|00099|WESTOVER|DR|03|28801
9639830249|963983024900000|00095|WESTOVER|DR|03|28801
9639842241|963984224100000|00202|TACOMA|CIR|03|28801
9639834682|963983468200000|00048|WESTOVER|DR|03|28801
9639844166|963984416600000|00046|TACOMA|ST|03|28801
9639833802|963983380200000|99999|WESTOVER|DR|03|28801
9639840192|963984019200000|00190|TACOMA|CIR|03|28801
9639841332|963984133200000|00074|TACOMA|CIR|03|29229
9639844365|963984436500000|00045|TACOMA|ST|03|28801
9639819300|963981930000000|00229|COURTLAND|PL|03|28801
9639836397|963983639700000|00056|ROSEWOOD|AVE|03|28801
9639838395|963983839500000|00046|ROSEWOOD|AVE|03|28801
9639830194|963983019400000|99999|WESTOVER|DR|03|28801
9639841147|963984114700000|00196|TACOMA|CIR|03|28801
9639841286|963984128600000|00064|TACOMA|CIR|03|28801
9639817500|963981750000000|00232|COURTLAND|PL|03|28802
9639833910|963983391000000|00031|WESTOVER|DR|03|28801
9639836526|963983652600000|00062|ROSEWOOD|AVE|03|28214
9639842482|963984248200000|00065|TACOMA|CIR|03|28801
9639842099|963984209900000|00199|TACOMA|CIR|03|28801
9639831950|963983195000000|99999|TACOMA|CIR|03|28801
9639747296|963974729600000|00103|TACOMA|CIR|03|28801
9639736965|963973696500000|00127|TACOMA|CIR|03|28804
9639842426|963984242600000|00071|TACOMA|CIR|03|28801
9639830672|963983067200000|00163|TACOMA|CIR|03|02481
9639831706|963983170600000|99999|TACOMA|CIR|03|28801
9639736751|963973675100000|00015|SYLVAN|AVE|03|28801
9639737901|963973790100000|00131|TACOMA|CIR|03|28801
9639748047|963974804700000|00116|TACOMA|CIR|03|22032
9639741524|963974152400000|99999|PEARSON|DR|03|28792
9639742111|963974211100000|00210|WESTOVER|DR|03|33701
9639734882|963973488200000|00199|WESTOVER|DR|03|28801
9639734640|963973464000000|99999|WESTOVER|DR|03|28802
9639739621|963973962100000|00157|TACOMA|CIR|03|28801
9639739552|963973955200000|99999|WESTOVER|DR|03|28801
9639734927|963973492700000|99999|WESTOVER|DR|03|28801
9639739186|963973918600000|00092|WESTOVER|DR|03|28801
9639736266|963973626600000|99999|WESTOVER|DR|03|28802
9639736553|963973655300000|00026|SYLVAN|AVE|03|28801
9639913672|963991367200000|00181|COURTLAND|PL|03|28806
9639907275|963990727500000|00012|CROSS|PL|03|28802
9639929252|963992925200000|99999|MORROW|ST|03|28802
9639738531|963973853100000|00101|WESTOVER|DR|03|28801
9639732955|963973295500000|00200|WESTOVER|DR|03|28701
9639757330|963975733000000|00345|PEARSON|DR|03|28801
9639737488|963973748800000|00103|WESTOVER|DR|03|28801
9639812766|963981276600000|99999|COURTLAND|PL|03|28802
9639759204|963975920400000|00372|PEARSON|DR|03|28801
9639830500|963983050000000|99999|WESTOVER|DR|03|28801
9639738999|963973899900000|99999|TACOMA|CIR|03|28701
9639736417|963973641700000|00159|WESTOVER|DR|03|28776
9639749090|963974909000000|00184|TACOMA|CIR|03|28801
9639759166|963975916600000|00364|PEARSON|DR|03|28804
9639748810|963974881000000|00314|WESTOVER|DR|03|28801
9639742035|963974203500000|00208|WESTOVER|DR|03|28801
9639747318|963974731800000|00235|WESTOVER|DR|03|28805
9649320262|964932026200000|00030|STARNES|AVE|03|30375
9639875261|963987526100000|00701|BROADWAY|ST|03|27611
9639739726|963973972600000|00154|TACOMA|CIR|03|28802
9639735339|963973533900000|99999|WESTOVER|DR|03|28778
9639739847|963973984700000|00176|TACOMA|CIR|03|28801
9639749469|963974946900000|00083|TACOMA|CIR|03|28801
9639927808|963992780800000|00036|RICHIE|ST|03|28801
9639925975|963992597500000|99999|JANE|ST|03|28802
9639749602|963974960200000|00257|WESTOVER|ALY|03|28730
9639912743|963991274300000|00186|COURTLAND|PL|03|28801
9639758815|963975881500000|99999|HIBRITEN|DR|03|50046
9639753062|963975306200000|00435|PEARSON|DR|03|28802
9639747915|963974791500000|00402|PEARSON|DR|03|28801
9639748555|963974855500000|00247|WESTOVER|ALY|03|27516
9649000224|964900022400000|00031|GREENLEE|AVE|03|28804
9639734970|963973497000000|00201|WESTOVER|DR|03|28801
9649022762|964902276200000|00033|MADISON|ST|03|28802
9649020095|964902009500000|99999|JERSEY|ST|03|28802
9649022017|964902201700000|99999|MORROW|ST|03|28802
9649022106|964902210600000|99999|MORROW|ST|03|28802
9649029441|964902944100000|00162|CHESTNUT|ST|03|28801
9639846326|963984632600000|00033|TACOMA|ST|03|28802
9649029084|964902908400000|00040|COURTLAND|AVE|03|28801
9649026693|964902669300000|00177|CHESTNUT|ST|03|30265
9639841814|963984181400000|00318|WESTOVER|DR|03|28801
9639851075|963985107500000|00320|PEARSON|DR|03|28704
9639856109|963985610900000|00101|SANTEE|ST|03|28801
9639857280|963985728000000|00450|MONTFORD|AVE|03|28801
9639851792|963985179200000|00028|MELBOURNE|PL|03|28801
9639845116|963984511600000|00042|TACOMA|ST|03|28801
9639836861|963983686100000|00070|ROSEWOOD|AVE|03|28801
9639851100|963985110000000|00326|PEARSON|DR|03|28801
9639850896|963985089600000|00036|MELBOURNE|PL|03|28801
9639839686|963983968600000|00016|HAWTHORNE|LN|03|28801
9639850134|963985013400000|00332|PEARSON|DR|03|28801
9639855455|963985545500000|00005|MELBOURNE|PL|03|28801
9639845000|963984500000000|00018|WESTOVER|DR|03|28801
9639856328|963985632800000|00460|MONTFORD|AVE|03|28804
9639847367|963984736700000|00023|TACOMA|ST|03|28730
9639853368|963985336800000|00008|MELBOURNE|PL|03|28801
9639905314|963990531400000|00006|COTTAGE|CT|03|28804
9639845005|963984500500000|00014|WESTOVER|DR|03|28801
9639915803|963991580300000|00164|COURTLAND|PL|03|28801
9639909024|963990902400000|00016|EAST|LN|03|28801
9639907200|963990720000000|00010|CROSS|PL|03|28801
9639905249|963990524900000|00004|COTTAGE|CT|03|28778
9639909175|963990917500000|00030|GREENLEE|AVE|03|28801
9639909106|963990910600000|00020|EAST|LN|03|28801
9639845617|963984561700000|99999|PEARSON|DR|03|28801
9639919666|963991966600000|00125|COURTLAND|AVE|03|28801
9639845155|963984515500000|00034|TACOMA|ST|03|28715
9639852469|963985246900000|00016|MELBOURNE|PL|03|28801
9649002166|964900216600000|00014|ROOSEVELT|ST|03|28801
9649002126|964900212600000|99999|ROOSEVELT|ST|03|28801
9649002014|964900201400000|00004|ROOSEVELT|ST|03|28801
9649000100|964900010000000|00028|GREENLEE|AVE|03|28801
9639737444|963973744400000|99999|WESTOVER|DR|03|28801
9639911416|963991141600000|99999|COURTLAND|PL|03|99999
9639947322|963994732200000|00014|WATAUGA|ST|03|28801
9639947133|963994713300000|99999|PEARSON|DR|03|60647
9639958147|963995814700000|00035|PANOLA|ST|03|28801
9639918210|963991821000000|00103|HOUSTON|ST|03|27312
9639958273|963995827300000|00041|PANOLA|ST|03|28801
9639947899|963994789900000|00369|MONTFORD|AVE|03|28801
9639916054|963991605400000|00181|HOUSTON|PL|03|28801
9639934663|963993466300000|00010|ROSEWOOD|AVE|03|28801
9639934795|963993479500000|00186|PEARSON|DR|03|28801
9639952147|963995214700000|00015|ZILLICOA|ST|03|28801
9639949132|963994913200000|00312|MONTFORD|AVE|03|28801
9639964197|963996419700000|00085|ZILLICOA|ST|03|28756
9649019813|964901981300000|00039|COURTLAND|AVE|03|28801
9649055252|964905525200000|00339|CUMBERLAND|AVE|03|28801
9649057301|964905730100000|99999|CATAWBA|ST|03|28802
9649053158|964905315800000|00343|CUMBERLAND|AVE|03|28805
9649051424|964905142400000|00048|PANOLA|ST|03|28804
9649053066|964905306600000|00333|CUMBERLAND|AVE|03|28802
9649055005|964905500500000|00099|CUMBERLAND|CIR|03|11530
9649031593|964903159300000|00125|PEARSON|DR|03|28802
9649031806|964903180600000|00288|MONTFORD|AVE|03|28801
9649033982|964903398200000|00277|MONTFORD|AVE|03|28701
9639933306|963993330600000|00026|ROSEWOOD|AVE|03|28801
9649036846|964903684600000|00048|SOCO|ST|03|28801
9649035759|964903575900000|00005|WANETA|ST|03|28801
9649029547|964902954700000|99999|MONTFORD|AVE|03|28805
9649049485|964904948500000|00016|CAUBLE|ST|03|28801
9649036435|964903643500000|00237|MONTFORD|AVE|03|28801
9649038407|964903840700000|00015|SOCO|ST|03|28801
9649015322|964901532200000|99999|JASON|ST|03|29602
9649035539|964903553900000|00249|MONTFORD|AVE|03|28801
9639850803|963985080300000|00030|HIBRITEN|DR|03|28801
9639854591|963985459100000|00009|MELBOURNE|PL|03|28801
9639849280|963984928000000|00230|PEARSON|DR|03|28801
9639850507|963985050700000|00017|HIBRITEN|DR|03|28801
9639907087|963990708700000|00035|CROSS|PL|03|28801
9639945041|963994504100000|00183|PEARSON|DR|03|28801
9639938290|963993829000000|00006|BIRCH|ST|03|28814
9639945237|963994523700000|00030|WATAUGA|ST|03|28801
9639969119|963996911900000|00090|ZILLICOA|ST|03|28816
9639848549|963984854900000|00266|PEARSON|DR|03|27295
9639853748|963985374800000|00033|MELBOURNE|PL|03|28804
9639845800|963984580000000|00300|PEARSON|DR|03|28801
9639847307|963984730700000|00029|TACOMA|ST|03|29501
9649132108|964913210800000|00170|CUMBERLAND|AVE|03|28801
9639845524|963984552400000|00027|TACOMA|PL|03|28801
9639919887|963991988700000|00122|COURTLAND|AVE|03|28801
9639904950|963990495000000|99999|HOUSTON|CIR|03|28801
9639854255|963985425500000|00002|MELBOURNE|PL|03|28801
9639910351|963991035100000|99999|COURTLAND|PL|03|33170
9639905284|963990528400000|00002|COTTAGE|CT|03|28778
9639849764|963984976400000|00265|PEARSON|DR|03|28801
9639852334|963985233400000|00325|PEARSON|DR|03|28801
9639853414|963985341400000|00012|MELBOURNE|PL|03|28801
9639854312|963985431200000|00004|MELBOURNE|PL|03|28801
9639939411|963993941100000|00009|BIRCH|ST|03|10014
9639948376|963994837600000|00332|MONTFORD|AVE|03|28801
9639846000|963984600000000|99999|TACOMA|ST|03|28805
9639931852|963993185200000|00003|HAWTHORNE|LN|03|28801
9639917375|963991737500000|00102|HOUSTON|ST|03|28804
9639939133|963993913300000|00034|GRAY|ST|03|28711
9639836639|963983663900000|00066|ROSEWOOD|AVE|03|28801
9649027860|964902786000000|00192|MONTFORD|AVE|03|29202
9639838594|963983859400000|00057|ROSEWOOD|AVE|03|28801
9639840700|963984070000000|99999|WESTOVER|DR|03|28801
9649028704|964902870400000|00182|MONTFORD|AVE|03|28801
9649014676|964901467600000|00027|HOUSTON|ST|03|28801
9649026231|964902623100000|00009|PEARSON|DR|03|28801
9649037460|964903746000000|00011|SOCO|ST|03|28801
9649024611|964902461100000|00057|GAY|ST|03|28802
9649016685|964901668500000|00026|ARBORVALE|RD|03|28801
9649024666|964902466600000|00046|PEARSON|DR|03|28801
9649026247|964902624700000|00015|PEARSON|DR|03|28801
9649028452|964902845200000|00166|CHESTNUT|ST|03|27707
9649007774|964900777400000|99999|BARFIELD|AVE|03|29602
9649007879|964900787900000|99999|MICHAEL|ST|03|29602
9649025914|964902591400000|00061|PEARSON|DR|03|28801
9649016428|964901642800000|00037|ARBORVALE|RD|03|28801
9649025537|964902553700000|99999|PEARSON|DR|03|28801
9649024989|964902498900000|00063|PEARSON|DR|03|28803
9649022120|964902212000000|99999|MORROW|ST|03|28802
9649032076|964903207600000|00082|PEARSON|DR|03|28732
9639834785|963983478500000|00040|WESTOVER|DR|03|28801
9649009902|964900990200000|99999|JASON|ST|03|29602
9649033537|964903353700000|00260|MONTFORD|AVE|03|28801
9649010792|964901079200000|00111|COURTLAND|AVE|03|28801
9649034063|964903406300000|00077|PEARSON|DR|03|28770
9649009694|964900969400000|99999|MICHAEL|ST|03|29602
9649036348|964903634800000|00233|MONTFORD|AVE|03|28801
9639815502|963981550200000|99999|COURTLAND|PL|03|28806
9639831406|963983140600000|99999|WESTOVER|DR|03|28802
9639766420|963976642000000|99999|KLONDYKE|AVE|03|28806
9639831312|963983131200000|00093|WESTOVER|DR|03|28801
9639832591|963983259100000|00059|WESTOVER|DR|03|28801
9639834780|963983478000000|00042|WESTOVER|DR|03|28801
9649001161|964900116100000|00023|GREENLEE|AVE|03|28801
9649024100|964902410000000|00002|PEARSON|DR|03|28307
9649022094|964902209400000|00092|COURTLAND|AVE|03|28801
9649010321|964901032100000|00085|HOUSTON|ST|03|28801
9649025865|964902586500000|00057|PEARSON|DR|03|28802
9649028665|964902866500000|00174|MONTFORD|AVE|03|28801
9649023073|964902307300000|00090|COURTLAND|AVE|03|28801
9639832486|963983248600000|00063|WESTOVER|DR|03|28801
9649024690|964902469000000|00042|PEARSON|DR|03|28801
9649025930|964902593000000|00059|PEARSON|DR|03|28906
9649023623|964902362300000|00063|GAY|ST|03|28607
9649031264|964903126400000|00104|PEARSON|DR|03|28806
9649017708|964901770800000|00010|ARBORVALE|RD|03|28801
9649013081|964901308100000|99999|HILL|ST|03|11414
9649023937|964902393700000|00074|PEARSON|DR|03|28801
9649027559|964902755900000|00175|CHESTNUT|ST|03|28801
9649027403|964902740300000|00178|CHESTNUT|ST|03|28801
9649030283|964903028300000|00002|BIRCH|ST|03|28801
9649031309|964903130900000|00112|PEARSON|DR|03|28801
9649022211|964902221100000|99999|MORROW|ST|03|28802
9649011990|964901199000000|00102|COURTLAND|AVE|03|28801
9649022013|964902201300000|99999|MORROW|ST|03|28802
9649033320|964903332000000|00099|PEARSON|DR|03|28801
9649008627|964900862700000|99999|BARFIELD|AVE|03|29602
9649030204|964903020400000|00004|BIRCH|ST|03|28801
9649034339|964903433900000|00242|MONTFORD|AVE|03|28801
9649003007|964900300700000|00001|ROOSEVELT|ST|03|28801
9649030132|964903013200000|00030|GRAY|ST|03|28801
9649027099|964902709900000|00058|COURTLAND|AVE|03|28562
9649034894|964903489400000|00021|WANETA|ST|03|28801
9649032124|964903212400000|00096|PEARSON|DR|03|28801
9649022216|964902221600000|99999|MORROW|ST|03|28802
9649036558|964903655800000|00024|SOCO|ST|03|28801
9649032109|964903210900000|00100|PEARSON|DR|03|28804
9649032140|964903214000000|00094|PEARSON|DR|03|12203
9649028690|964902869000000|00170|MONTFORD|AVE|03|28801
9649028402|964902840200000|00170|CHESTNUT|ST|03|28801
9649010839|964901083900000|00118|COURTLAND|AVE|03|28801
9649008754|964900875400000|99999|MICHAEL|ST|03|29602
9639840742|963984074200000|99999|WESTOVER|DR|03|28801
9649026985|964902698500000|00200|MONTFORD|AVE|03|28801
9649026151|964902615100000|00068|COURTLAND|AVE|03|28801
9649029025|964902902500000|00048|COURTLAND|AVE|03|28801
9649010750|964901075000000|00115|COURTLAND|AVE|03|28801
9649036653|964903665300000|00028|SOCO|ST|03|35759
9649020129|964902012900000|99999|MORROW|ST|03|28802
9649038155|964903815500000|00209|MONTFORD|AVE|03|28801
9649028629|964902862900000|00178|MONTFORD|AVE|03|33180
9649027120|964902712000000|00062|COURTLAND|AVE|03|28801
9649025182|964902518200000|00074|COURTLAND|AVE|03|28801
9649023674|964902367400000|00059|GAY|ST|03|28802
9649022955|964902295500000|99999|GRAY|ST|03|28801
9649007749|964900774900000|99999|BARFIELD|AVE|03|29602
9649010889|964901088900000|00112|COURTLAND|AVE|03|28801
9649026342|964902634200000|00017|PEARSON|DR|03|28805
9649014847|964901484700000|99999|COURTLAND|AVE|03|37830
9649028176|964902817600000|00050|COURTLAND|AVE|03|28801
9649030171|964903017100000|00028|GRAY|ST|03|28806
9639943330|963994333000000|00044|WATAUGA|ST|03|28801
9639831448|963983144800000|99999|WESTOVER|DR|03|28802
9639836432|963983643200000|00058|ROSEWOOD|AVE|03|28801
9649011305|964901130500000|00079|HOUSTON|ST|03|28801
9649035165|964903516500000|00216|MONTFORD|AVE|03|28803
9639843146|963984314600000|00201|TACOMA|CIR|03|28801
9639843048|963984304800000|00017|WESTOVER|DR|03|28801
9639944256|963994425600000|00036|WATAUGA|ST|03|28801
9649006992|964900699200000|99999|MICHAEL|ST|03|29602
9649026644|964902664400000|00041|PEARSON|DR|03|28801
9639739203|963973920300000|00098|WESTOVER|DR|03|28801
9639734634|963973463400000|99999|WESTOVER|DR|03|28802
9639744242|963974424200000|00217|WESTOVER|DR|03|28801
9649000173|964900017300000|00025|GREENLEE|AVE|03|28804
9649000025|964900002500000|00018|EAST|LN|03|28801
9649100704|964910070400000|99999|HILL|ST|03|29602
9649057147|964905714700000|00073|CUMBERLAND|CIR|03|28801
9649059225|964905922500000|99999|BROADWAY|ST|03|28802
9649051813|964905181300000|00525|BROADWAY|ST|03|28804
9649102978|964910297800000|00015|BAY|ST|03|29602
9649101821|964910182100000|00011|JASON|ST|03|28805
9649119551|964911955100000|00016|SHORT|ST|03|28801
9639952376|963995237600000|00019|ZILLICOA|ST|03|28801
9649051291|964905129100000|00358|CUMBERLAND|AVE|03|34209
9639939182|963993918200000|00032|GRAY|ST|03|28801
9639830334|963983033400000|00097|WESTOVER|DR|03|28801
9639832596|963983259600000|00055|WESTOVER|DR|03|28804
9639818419|963981841900000|00230|COURTLAND|PL|03|28801
9639833707|963983370700000|00039|WESTOVER|DR|03|20904
9639840049|963984004900000|00188|TACOMA|CIR|03|28801
9649045094|964904509400000|00254|CUMBERLAND|AVE|03|28801
9649017970|964901797000000|00004|ARBORVALE|RD|03|28801
9639840015|963984001500000|00186|TACOMA|CIR|03|28801
9639913861|963991386100000|00178|COURTLAND|PL|03|27628
9639851716|963985171600000|00032|MELBOURNE|PL|03|28801
9639853813|963985381300000|00035|MELBOURNE|PL|03|28801
9649044664|964904466400000|00303|CUMBERLAND|AVE|03|28801
9639944897|963994489700000|00382|MONTFORD|AVE|03|28801
9649049536|964904953600000|00035|CUMBERLAND|CIR|03|28804
9649030400|964903040000000|00007|BIRCH|ST|03|28801
9649033948|964903394800000|00283|MONTFORD|AVE|03|28802
9649036354|964903635400000|00231|MONTFORD|AVE|03|28804
9639943523|963994352300000|00043|WATAUGA|ST|03|28814
9649018631|964901863100000|00021|ARBORVALE|RD|03|28804
9649032444|964903244400000|00111|PEARSON|DR|03|28803
9649036940|964903694000000|00050|SOCO|ST|03|28801
9639831393|963983139300000|00081|WESTOVER|DR|03|28801
9649036041|964903604100000|00208|MONTFORD|AVE|03|28801
9649016772|964901677200000|00022|ARBORVALE|RD|03|28801
9649016671|964901667100000|00028|ARBORVALE|RD|03|28801
9649035626|964903562600000|00257|MONTFORD|AVE|03|28801
9649050039|964905003900000|00032|PANOLA|ST|03|28801
9649046790|964904679000000|00046|CUMBERLAND|CIR|03|28801
9649033561|964903356100000|00250|MONTFORD|AVE|03|28801
9649039468|964903946800000|00035|CULLOWHEE|ST|03|28801
9649032693|964903269300000|00264|MONTFORD|AVE|03|78676
9649034160|964903416000000|00002|CULLOWHEE|ST|03|28804
9649014893|964901489300000|00010|HOUSTON|ST|03|28801
9649034017|964903401700000|00081|PEARSON|DR|03|29229
9649035574|964903557400000|00247|MONTFORD|AVE|03|28804
9649042484|964904248400000|00286|CUMBERLAND|AVE|03|28801
9649038348|964903834800000|00017|CULLOWHEE|ST|03|28801
9649032722|964903272200000|00276|MONTFORD|AVE|03|28801
9649030945|964903094500000|00296|MONTFORD|AVE|03|28803
9649034364|964903436400000|00234|MONTFORD|AVE|03|28801
9649049641|964904964100000|00039|CUMBERLAND|CIR|03|28801
9649036936|964903693600000|00246|CUMBERLAND|AVE|03|28801
9649040483|964904048300000|00327|MONTFORD|AVE|03|28804
9649034728|964903472800000|00271|MONTFORD|AVE|03|28804
9649032429|964903242900000|00121|PEARSON|DR|03|27529
9649017837|964901783700000|00006|ARBORVALE|RD|03|28801
9649036511|964903651100000|00239|MONTFORD|AVE|03|28801
9649043266|964904326600000|00276|CUMBERLAND|AVE|03|28801
9649049342|964904934200000|00003|CUMBERLAND|CIR|03|28787
9649017803|964901780300000|00008|ARBORVALE|RD|03|30064
9649018775|964901877500000|00011|ARBORVALE|RD|03|28801
9649044736|964904473600000|00317|CUMBERLAND|AVE|03|28802
9649031068|964903106800000|00014|GRAY|ST|03|28801
9649030764|964903076400000|00143|PEARSON|DR|03|28801
9649044270|964904427000000|00270|CUMBERLAND|AVE|03|28801
9649019677|964901967700000|99999|WOODSIDE|PL|03|29602
9649045500|964904550000000|00295|CUMBERLAND|AVE|03|28801
9639928959|963992895900000|00035|GRAY|ST|03|28802
9639928887|963992888700000|99999|RICHIE|ST|03|28801
9639909378|963990937800000|00037|GREENLEE|AVE|03|28801
9649031618|964903161800000|99999|PEARSON|DR|03|28801
9649034781|964903478100000|99999|MONTFORD|AVE|03|28802
9649031577|964903157700000|00127|PEARSON|DR|03|28801
9649018751|964901875100000|00017|ARBORVALE|RD|03|28801
9649034804|964903480400000|00275|MONTFORD|AVE|03|28801
9649031121|964903112100000|00018|GRAY|ST|03|28801
9649018646|964901864600000|00019|ARBORVALE|RD|03|28801
9649043317|964904331700000|00278|CUMBERLAND|AVE|03|28801
9649023874|964902387400000|00060|PEARSON|DR|03|28801
9649033264|964903326400000|00097|PEARSON|DR|03|28801
9649036008|964903600800000|00214|MONTFORD|AVE|03|28801
9649012971|964901297100000|00096|COURTLAND|AVE|03|28802
9649022664|964902266400000|00071|GAY|ST|03|28792
9649031642|964903164200000|00129|PEARSON|DR|03|20189
9649042542|964904254200000|00302|CUMBERLAND|AVE|03|29901
9649043012|964904301200000|00285|MONTFORD|AVE|03|28801
9649049649|964904964900000|00041|CUMBERLAND|CIR|03|28804
9639746365|963974636500000|00231|WESTOVER|DR|03|28801
9639739672|963973967200000|00161|TACOMA|CIR|03|28801
9649036441|964903644100000|00235|MONTFORD|AVE|03|28801
9639736617|963973661700000|00017|SYLVAN|AVE|03|28801
9639738644|963973864400000|00155|TACOMA|CIR|03|28801
9639745239|963974523900000|00221|WESTOVER|DR|03|28801
9649050159|964905015900000|00036|PANOLA|ST|03|28801
9639746630|963974663000000|00310|WESTOVER|DR|03|28801
9639757087|963975708700000|00400|PEARSON|DR|03|28801
9639735365|963973536500000|99999|WESTOVER|DR|03|28801
9639744043|963974404300000|00209|WESTOVER|DR|03|28801
9639738333|963973833300000|99999|WESTOVER|DR|03|28802
9639815580|963981558000000|00238|COURTLAND|PL|03|28801
9639747487|963974748700000|00243|WESTOVER|ALY|03|28801
9639756611|963975661100000|00009|HIBRITEN|DR|03|28801
9639826908|963982690800000|99999|BIRCH|ST|03|28801
9639739956|963973995600000|00180|TACOMA|CIR|03|28801
9639746507|963974650700000|00308|WESTOVER|DR|03|28801
9639748588|963974858800000|00251|WESTOVER|ALY|03|28801
9639746022|963974602200000|00125|TACOMA|CIR|03|28801
9639832482|963983248200000|00065|WESTOVER|DR|03|28801
9639735403|963973540300000|99999|WESTOVER|DR|03|28802
9639758538|963975853800000|00333|PEARSON|DR|03|28803
9639759674|963975967400000|99999|HIBRITEN|DR|03|28801
9639833917|963983391700000|00027|WESTOVER|DR|03|28801
9639743464|963974346400000|00220|WESTOVER|DR|03|28801
9639746312|963974631200000|00225|WESTOVER|DR|03|28804
9639749750|963974975000000|99999|WESTOVER|DR|03|28801
9639753353|963975335300000|99999|HIBRITEN|DR|03|28806
9639831499|963983149900000|99999|WESTOVER|DR|03|28802
9639749136|963974913600000|00102|TACOMA|CIR|03|28801
9639838701|963983870100000|00024|HAWTHORNE|LN|03|28801
9639743411|963974341100000|00218|WESTOVER|DR|03|28801
9639748511|963974851100000|00245|WESTOVER|ALY|03|28801
9639757723|963975772300000|00071|HIBRITEN|DR|03|28801
9639758270|963975827000000|00376|PEARSON|DR|03|28801
9639734486|963973448600000|99999|WESTOVER|DR|03|28802
9639755119|963975511900000|00403|PEARSON|DR|03|60647
9639767188|963976718800000|00072|HIBRITEN|DR|03|28787
9639745573|963974557300000|00307|WESTOVER|DR|03|28801
9639745864|963974586400000|00408|PEARSON|DR|03|28802
9639759639|963975963900000|00035|HIBRITEN|DR|03|29205
9649011930|964901193000000|00108|COURTLAND|AVE|03|28801
9639737309|963973730900000|00107|WESTOVER|DR|03|28701
9639737715|963973771500000|00011|SYLVAN|AVE|03|28801
9639831791|963983179100000|99999|WESTOVER|DR|03|92008
9639834574|963983457400000|00054|WESTOVER|DR|03|28801
9639843022|963984302200000|99999|WESTOVER|DR|03|28806
9649046297|964904629700000|00255|CUMBERLAND|AVE|03|28801
9649043984|964904398400000|00103|CUMBERLAND|CIR|03|28801
9649119515|964911951500000|00018|SHORT|ST|03|28801
9649118845|964911884500000|00055|SHORT|ST|03|28801
9649127798|964912779800000|00119|CUMBERLAND|AVE|03|28801
9649128731|964912873100000|00111|CUMBERLAND|AVE|03|28814
9649128307|964912830700000|00090|CUMBERLAND|AVE|03|28801
9649132150|964913215000000|00162|CUMBERLAND|AVE|03|28801
9649040541|964904054100000|00333|MONTFORD|AVE|03|28801
9649123772|964912377200000|00123|CHESTNUT|ST|03|28801
9649123298|964912329800000|00011|BLAKE|ST|03|28801
9649126572|964912657200000|00106|CUMBERLAND|AVE|03|28801
9649127809|964912780900000|00129|CUMBERLAND|AVE|03|28801
9649133726|964913372600000|00254|FLINT|ST|03|28801
9649134218|964913421800000|00169|CUMBERLAND|AVE|03|28801
9649124598|964912459800000|00122|CHESTNUT|ST|03|23505
9649127473|964912747300000|00094|CUMBERLAND|AVE|03|28753
9649126445|964912644500000|99999|BLAKE|ST|03|28801
9649038697|964903869700000|00218|CUMBERLAND|AVE|03|28801
9649038854|964903885400000|00230|CUMBERLAND|AVE|03|28801
9649128666|964912866600000|00107|CUMBERLAND|AVE|03|28801
9649044216|964904421600000|00272|CUMBERLAND|AVE|03|28801
9649129818|964912981800000|00080|CHESTNUT|ST|03|28801
9649129490|964912949000000|00083|CUMBERLAND|AVE|03|28801
9649047601|964904760100000|00040|CUMBERLAND|CIR|03|28801
9649047523|964904752300000|00036|CUMBERLAND|CIR|03|28801
9649123337|964912333700000|00133|MONTFORD|AVE|03|28801
9649125706|964912570600000|99999|CUMBERLAND|AVE|03|28801
9649129566|964912956600000|00091|ELIZABETH|ST|03|28801
9649039057|964903905700000|00199|MONTFORD|AVE|03|28814
9649123330|964912333000000|00127|MONTFORD|AVE|03|28801
9649126556|964912655600000|00110|CUMBERLAND|AVE|03|28801
9649040738|964904073800000|00345|MONTFORD|AVE|03|28802
9649123945|964912394500000|00150|CUMBERLAND|AVE|03|28801
9649124106|964912410600000|00115|MONTFORD|AVE|03|19806
9649129601|964912960100000|00101|CUMBERLAND|AVE|03|28801
9649125455|964912545500000|00027|BLAKE|ST|03|28801
9649135290|964913529000000|00074|MAGNOLIA|AVE|03|28801
9649125633|964912563300000|00116|CHESTNUT|ST|03|28801
9649127520|964912752000000|99999|CUMBERLAND|AVE|03|28801
9639736462|963973646200000|00115|WESTOVER|DR|03|27517
9639754510|963975451000000|99999|HIBRITEN|DR|03|28806
9639747648|963974764800000|00313|WESTOVER|DR|03|28801
9649049910|964904991000000|99999|CUMBERLAND|CIR|03|28806
9649053243|964905324300000|00349|CUMBERLAND|AVE|03|28801
9649049823|964904982300000|00049|CUMBERLAND|CIR|03|28801
9649050425|964905042500000|00050|PANOLA|ST|03|28801
9649058317|964905831700000|00019|CATAWBA|ST|03|28802
9649049909|964904990900000|00061|CUMBERLAND|CIR|03|28806
9649119696|964911969600000|00033|SHORT|ST|03|28801
9649049737|964904973700000|00047|CUMBERLAND|CIR|03|28801
9649056156|964905615600000|00075|CUMBERLAND|CIR|03|28031
9649058289|964905828900000|99999|BROADWAY|ST|03|28802
9649051381|964905138100000|00362|CUMBERLAND|AVE|03|28804
9649058146|964905814600000|00069|CUMBERLAND|CIR|03|28801
9649122425|964912242500000|00143|MONTFORD|AVE|03|28801
9649055382|964905538200000|00023|CATAWBA|ST|03|27030
9649059196|964905919600000|99999|BROADWAY|ST|03|28802
9649053239|964905323900000|00357|CUMBERLAND|AVE|03|28801
9649121302|964912130200000|00140|MONTFORD|AVE|03|28705
9639737558|963973755800000|00014|SYLVAN|AVE|03|28801
9639757961|963975796100000|00061|HIBRITEN|DR|03|28806
9639744079|963974407900000|00211|WESTOVER|ALY|03|28801
9649054054|964905405400000|00101|CUMBERLAND|CIR|03|11530
9649051128|964905112800000|00007|MONTFORD PARK|PL|03|28804
9639958396|963995839600000|00047|PANOLA|ST|03|30635
9639942636|963994263600000|00010|WATAUGA|PL|03|28814
9639937435|963993743500000|99999|BIRCH|PL|03|30002
9639958436|963995843600000|00400|CUMBERLAND|AVE|03|28801
9639937207|963993720700000|00042|BIRCH|ST|03|28801
9639943578|963994357800000|00037|WATAUGA|ST|03|28801
9649022843|964902284300000|00025|MADISON|ST|03|28801
9649110541|964911054100000|00006|WOODSIDE|PL|03|28804
9649112085|964911208500000|99999|GUDGER|ST|03|28801
9649123245|964912324500000|00123|MONTFORD|AVE|03|28801
9649103847|964910384700000|99999|HILL|ST|03|28801
9649122056|964912205600000|00114|MONTFORD|AVE|03|28814
9649123521|964912352100000|00136|CHESTNUT|ST|03|28814
9649116992|964911699200000|00017|BEARDEN|AVE|03|28601
9649118457|964911845700000|00037|MONTFORD|AVE|03|28801
9649112995|964911299500000|00108|MONTFORD|AVE|03|28804
9649110461|964911046100000|99999|GUDGER|ST|03|29602
9649118929|964911892900000|00025|BEARDEN|AVE|03|28801
9649124352|964912435200000|99999|BLAKE|ST|03|28801
9649111215|964911121500000|99999|GUDGER|ST|03|29602
9649103904|964910390400000|99999|BAY|ST|03|28801
9649110671|964911067100000|00002|WOODSIDE|PL|03|29602
9649116930|964911693000000|00011|BEARDEN|AVE|03|28801
9649119293|964911929300000|00031|MONTFORD|AVE|03|28803
9649102749|964910274900000|00061|HILL|ST|03|28801
9649123888|964912388800000|00144|CUMBERLAND|AVE|03|28801
9649125294|964912529400000|00022|BLAKE|ST|03|28804
9649103946|964910394600000|99999|GUDGER|ST|03|29602
9649112052|964911205200000|00019|BAY|ST|03|28801
9649118639|964911863900000|00042|SHORT|ST|03|28804
9649118683|964911868300000|00040|SHORT|ST|03|28801
9649123609|964912360900000|00127|CHESTNUT|ST|03|28801
9649110770|964911077000000|99999|COURTLAND|AVE|03|29602
9649127115|964912711500000|00026|BEARDEN|AVE|03|28801
9649114539|964911453900000|00090|MONTFORD|AVE|03|28802
9649118990|964911899000000|00005|CUMBERLAND|PL|03|28801
9649113991|964911399100000|00102|MONTFORD|AVE|03|28801
9649111782|964911178200000|00019|COURTLAND|AVE|03|28803
9649117638|964911763800000|00077|MONTFORD|AVE|03|28801
9649120042|964912004200000|00034|COURTLAND|AVE|03|28801
9649111756|964911175600000|00021|COURTLAND|AVE|03|28801
9649127167|964912716700000|00030|BEARDEN|AVE|03|28803
9649126238|964912623800000|00026|BLAKE|ST|03|28801
9649111386|964911138600000|99999|GUDGER|ST|03|28801
9649121654|964912165400000|00165|MONTFORD|AVE|03|28801
9649112738|964911273800000|00017|COURTLAND|AVE|03|28801
9639843347|963984334700000|00057|TACOMA|CIR|03|28801
9639854546|963985454600000|00011|MELBOURNE|PL|03|28804
9639904911|963990491100000|00169|HOUSTON|CIR|03|28758
9649110581|964911058100000|00001|WOODSIDE|PL|03|28801
9649126150|964912615000000|00022|BEARDEN|AVE|03|28801
9649111483|964911148300000|99999|GUDGER|ST|03|28801
9649118703|964911870300000|99999|SHORT|ST|03|18360
9649126007|964912600700000|99999|BEARDEN|AVE|03|28801
9649126382|964912638200000|00028|BLAKE|ST|03|28801
9649113921|964911392100000|00016|COURTLAND|AVE|03|28801
9649125136|964912513600000|00113|MONTFORD|AVE|03|28801
9649124368|964912436800000|00019|BLAKE|ST|03|27607
9649121598|964912159800000|00155|MONTFORD|AVE|03|28801
9649119717|964911971700000|00045|SHORT|ST|03|28806
9649118829|964911882900000|00057|SHORT|ST|03|28801
9649111182|964911118200000|99999|BAY|ST|03|29602
9649116841|964911684100000|00083|MONTFORD|AVE|03|28801
9639917820|963991782000000|00146|COURTLAND|AVE|03|28801
9639940587|963994058700000|00059|WATAUGA|ST|03|28803
9649100879|964910087900000|99999|JASON|ST|03|29602
9649054218|964905421800000|00037|CATAWBA|ST|03|28801
9649055513|964905551300000|00018|CATAWBA|ST|03|28804
9649056103|964905610300000|00077|CUMBERLAND|CIR|03|28776
9649008866|964900886600000|99999|MICHAEL|ST|03|29602
9649042610|964904261000000|00308|CUMBERLAND|AVE|03|28801
9649039589|964903958900000|00208|CUMBERLAND|AVE|03|28739
9649131881|964913188100000|00209|CUMBERLAND|AVE|03|28801
9649124059|964912405900000|00111|MONTFORD|AVE|03|28801
9649124863|964912486300000|00138|CUMBERLAND|AVE|03|28801
9649038613|964903861300000|00027|SOCO|ST|03|28801
9649046312|964904631200000|00261|CUMBERLAND|AVE|03|70119
9649129442|964912944200000|00089|CUMBERLAND|AVE|03|98115
9649034381|964903438100000|00232|MONTFORD|AVE|03|27960
9649038535|964903853500000|00019|SOCO|ST|03|28801
9649126607|964912660700000|00118|CUMBERLAND|AVE|03|28801
9649027453|964902745300000|00174|CHESTNUT|ST|03|28801
9649132093|964913209300000|00156|CUMBERLAND|AVE|03|28801
9649058078|964905807800000|00067|CUMBERLAND|CIR|03|28801
9649124314|964912431400000|00015|BLAKE|ST|03|28801
9649222473|964922247300000|00124|FLINT|ST|03|28804
9649213457|964921345700000|00109|CHERRY|ST|03|28801
9649100745|964910074500000|99999|JASON|ST|03|29602
9649124292|964912429200000|00014|BLAKE|ST|03|28801
9649110465|964911046500000|00088|GUDGER|ST|03|28787
9649102865|964910286500000|00008|BAY|ST|03|28711
9649221658|964922165800000|00144|FLINT|ST|03|28801
9649226506|964922650600000|00008|WOODLAWN|AVE|03|28801
9649231742|964923174200000|99999|BROADWAY|ST|03|28802
9649219941|964921994100000|00049|CHERRY|ST|03|28230
9649224149|964922414900000|00102|FLINT|ST|03|28801
9649220645|964922064500000|00083|ELIZABETH|ST|03|28801
9649216687|964921668700000|00075|CHERRY|ST|03|28803
9649220815|964922081500000|00162|FLINT|ST|03|28801
9649224160|964922416000000|00075|STARNES|AVE|03|28801
9649102817|964910281700000|00012|BAY|ST|03|28802
9649013444|964901344400000|00059|HOUSTON|ST|03|28801
9649036608|964903660800000|00012|WANETA|ST|03|28801
9649022615|964902261500000|00075|GAY|ST|03|28792
9649228325|964922832500000|00041|STARNES|AVE|03|28801
9649221977|964922197700000|00161|FLINT|ST|03|23113
9649225163|964922516300000|00065|STARNES|AVE|03|28801
9649232044|964923204400000|00054|CHESTNUT|ST|03|28778
9649227060|964922706000000|00056|STARNES|AVE|03|28801
9649214529|964921452900000|00011|CUMBERLAND|AVE|03|28801
9649226013|964922601300000|00080|FLINT|ST|03|28801
9649224614|964922461400000|00135|FLINT|ST|03|28801
9649221714|964922171400000|00152|FLINT|ST|03|28387
9649224100|964922410000000|00077|STARNES|AVE|03|28801
9649220005|964922000500000|00060|CUMBERLAND|AVE|03|28801
9649211513|964921151300000|00019|SHORT|ST|03|30032
9649225376|964922537600000|00103|FLINT|ST|03|28801
9649225103|964922510300000|00071|STARNES|AVE|03|28801
9649223863|964922386300000|00073|ELIZABETH|ST|03|28801
9649226482|964922648200000|00002|WOODLAWN|AVE|03|28801
9649226864|964922686400000|00032|ELIZABETH|ST|03|28704
9649216885|964921688500000|00066|FLINT|ST|03|28787
9649101965|964910196500000|00020|BAY|ST|03|29602
9649050391|964905039100000|00046|PANOLA|ST|03|28801
9649055059|964905505900000|00095|CUMBERLAND|CIR|03|28801
9649110425|964911042500000|99999|WOODSIDE|PL|03|29602
9649101991|964910199100000|00016|BAY|ST|03|28806
9639944206|963994420600000|00040|WATAUGA|ST|03|28801
9649110279|964911027900000|99999|GUDGER|ST|03|29602
9649126976|964912697600000|00135|CUMBERLAND|AVE|03|28801
9649129024|964912902400000|00035|BEARDEN|AVE|03|28801
9649135894|964913589400000|00253|FLINT|ST|03|28801
9649136649|964913664900000|00235|FLINT|ST|03|28815
9649054826|964905482600000|99999|BROADWAY|ST|03|28801
9649141723|964914172300000|00033|CAUBLE|ST|03|28802
9649137885|964913788500000|00027|OCALA|ST|03|33157
9649142727|964914272700000|00431|BROADWAY|ST|03|28802
9649143592|964914359200000|99999|BROADWAY|ST|03|28787
9649129201|964912920100000|00074|CUMBERLAND|AVE|03|28802
9649139356|964913935600000|00044|MAGNOLIA|AVE|03|40175
9649138678|964913867800000|00034|OCALA|ST|03|28801
9649139279|964913927900000|00183|FLINT|ST|03|28801
9649139746|964913974600000|00016|OCALA|ST|03|28801
9649134684|964913468400000|00240|FLINT|ST|03|28802
9649054279|964905427900000|00027|CATAWBA|ST|03|22802
9649120436|964912043600000|00152|MONTFORD|AVE|03|28801
9649103899|964910389900000|99999|HILL|ST|03|28787
9649137701|964913770100000|00036|OCALA|ST|03|81201
9649135632|964913563200000|00234|FLINT|ST|03|28801
9649119943|964911994300000|00003|CUMBERLAND|PL|03|28704
9649119495|964911949500000|00014|SHORT|ST|03|28801
9649112047|964911204700000|99999|BAY|ST|03|28801
9649144386|964914438600000|99999|BROADWAY|ST|03|27611
9649119752|964911975200000|00039|SHORT|ST|03|28806
9649139300|964913930000000|00185|FLINT|ST|03|28801
9649120386|964912038600000|00144|MONTFORD|AVE|03|28801
9649117976|964911797600000|00021|BEARDEN|AVE|03|28717
9649118891|964911889100000|99999|SHORT|ST|03|28806
9649119884|964911988400000|00002|CUMBERLAND|PL|03|27410
9649111149|964911114900000|99999|GUDGER|ST|03|28802
9649150092|964915009200000|99999|BROADWAY|ST|03|28802
9649139547|964913954700000|00041|MAGNOLIA|AVE|03|28801
9649101774|964910177400000|00065|HILL|ST|03|28711
9649113011|964911301100000|00048|GUDGER|ST|03|29602
9649129170|964912917000000|00064|CUMBERLAND|AVE|03|34108
9649131255|964913125500000|00172|CUMBERLAND|AVE|03|28803
9649142559|964914255900000|00427|BROADWAY|ST|03|28802
9649140655|964914065500000|00027|CAUBLE|ST|03|28801
9649122665|964912266500000|00133|CHESTNUT|ST|03|28801
9649121176|964912117600000|00124|MONTFORD|AVE|03|28801
9649115137|964911513700000|00036|MONTFORD|AVE|03|28802
9649135789|964913578900000|99999|OCALA|ST|03|28801
9649111820|964911182000000|00023|COURTLAND|AVE|03|28801
9649120926|964912092600000|00187|MONTFORD|AVE|03|28801
9649100895|964910089500000|99999|JASON|ST|03|29602
9649121040|964912104000000|00026|COURTLAND|AVE|03|28801
9649122489|964912248900000|00140|CHESTNUT|ST|03|28804
9649128592|964912859200000|00095|CUMBERLAND|AVE|03|28801
9649041277|964904127700000|00311|MONTFORD|AVE|03|28801
9649041325|964904132500000|00315|MONTFORD|AVE|03|28801
9649009549|964900954900000|99999|MICHAEL|ST|03|29602
9649103963|964910396300000|00040|GUDGER|ST|03|29602
9649110630|964911063000000|99999|WOODSIDE|PL|03|29602
9649119299|964911929900000|99999|MONTFORD|AVE|03|28803
9649140875|964914087500000|99999|BROADWAY|ST|03|28802
9649228855|964922885500000|99999|ELIZABETH|PL|03|28814
9649230377|964923037700000|00040|MAGNOLIA|AVE|03|28804
9649228871|964922887100000|00041|ELIZABETH|PL|03|28801
9649221166|964922116600000|00061|CUMBERLAND|AVE|03|28801
9649225646|964922564600000|00024|WOODLAWN|AVE|03|28801
9649225426|964922542600000|00117|FLINT|ST|03|28801
9649214449|964921444900000|00099|CHERRY|ST|03|28806
9649221449|964922144900000|00084|ELIZABETH|ST|03|28801
9649224806|964922480600000|00069|ELIZABETH|ST|03|28753
9649224539|964922453900000|00127|FLINT|ST|03|01951
9649225450|964922545000000|00111|FLINT|ST|03|28801
9649231324|964923132400000|00034|MAGNOLIA|AVE|03|28801
9649228839|964922883900000|00045|ELIZABETH|PL|03|28814
9649226689|964922668900000|00007|WOODLAWN|AVE|03|28801
9649227663|964922766300000|00005|WOODLAWN|AVE|03|28801
9649223058|964922305800000|00083|STARNES|AVE|03|28801
9649226832|964922683200000|00034|ELIZABETH|ST|03|27405
9649224781|964922478100000|00044|ELIZABETH|ST|03|28801
9649211482|964921148200000|00009|SHORT|ST|03|28814
9649231482|964923148200000|99999|MAGNOLIA|AVE|03|28801
9649214535|964921453500000|99999|CUMBERLAND|AVE|03|28806
9649225137|964922513700000|00096|FLINT|ST|03|28806
9649056562|964905656200000|99999|BROADWAY|ST|03|28801
9649224226|964922422600000|00104|FLINT|ST|03|28801
9649226263|964922626300000|00055|STARNES|AVE|03|98115
9649227352|964922735200000|00007|BISHOP|PL|03|28801
9649224906|964922490600000|00050|WOODLAWN|AVE|03|33138
9649230747|964923074700000|00008|OCALA|ST|03|28802
9649211466|964921146600000|00011|SHORT|ST|03|28801
9649230537|964923053700000|99999|MAGNOLIA|AVE|03|28801
9649232617|964923261700000|00017|MAGNOLIA|AVE|03|28802
9649222527|964922252700000|00134|FLINT|ST|03|28801
9649222550|964922255000000|00128|FLINT|ST|03|28801
9649225741|964922574100000|00028|WOODLAWN|AVE|03|28801
9649227753|964922775300000|00038|ELIZABETH|PL|03|28801
9649211741|964921174100000|00030|CUMBERLAND|AVE|03|28801
9649222933|964922293300000|00157|FLINT|ST|03|28801
9649225725|964922572500000|00040|ELIZABETH|ST|03|28801
9649231423|964923142300000|00032|MAGNOLIA|AVE|03|28801
9649215849|964921584900000|99999|HARRISON|ST|03|28801
9649222041|964922204100000|99999|STARNES|AVE|03|28802
9649231821|964923182100000|99999|BROADWAY|ST|03|28802
9649223715|964922371500000|00141|FLINT|ST|03|28801
9649229585|964922958500000|99999|ELIZABETH|PL|03|20602
9649216723|964921672300000|00023|HARRISON|ST|03|28801
9649210879|964921087900000|00050|CUMBERLAND|AVE|03|28801
9649138532|964913853200000|00051|MAGNOLIA|AVE|03|28802
9649145330|964914533000000|99999|BROADWAY|ST|03|28801
9649127984|964912798400000|99999|CHESTNUT|ST|03|28801
9649150241|964915024100000|99999|BROADWAY|ST|03|28803
9649137685|964913768500000|00233|SHORT FLINT|ST|03|28801
9649144359|964914435900000|99999|BROADWAY|ST|03|27611
9649128237|964912823700000|00080|CUMBERLAND|AVE|03|28802
9649139033|964913903300000|00176|FLINT|ST|03|28801
9649224565|964922456500000|00125|FLINT|ST|03|77008
9649139698|964913969800000|00014|OCALA|ST|03|28804
9649138375|964913837500000|00191|FLINT|ST|03|28802
9649135879|964913587900000|99999|OCALA|ST|03|28801
9649135717|964913571700000|00045|OCALA|ST|03|28801
9649128919|964912891900000|00083|CHESTNUT|ST|03|28801
9649141897|964914189700000|99999|BROADWAY|ST|03|28802
9649137632|964913763200000|00231|SHORT FLINT|ST|03|28721
9649128072|964912807200000|00031|BEARDEN|AVE|03|28802
9649128138|964912813800000|00036|BEARDEN|AVE|03|28801
9649138104|964913810400000|00188|FLINT|ST|03|28801
9649136862|964913686200000|00035|OCALA|ST|03|28801
9649138959|964913895900000|99999|BROADWAY|ST|03|28802
9649140765|964914076500000|00029|CAUBLE|ST|03|28801
9649138052|964913805200000|00079|CHESTNUT|ST|03|28805
9649143483|964914348300000|99999|BROADWAY|ST|03|28804
9649129992|964912999200000|00166|FLINT|ST|03|28801
9649130379|964913037900000|00188|CUMBERLAND|AVE|03|30075
9649138626|964913862600000|00237|SHORT FLINT|ST|03|28801
9649138910|964913891000000|99999|OCALA|ST|03|28802
9649135105|964913510500000|00153|CUMBERLAND|AVE|03|28806
9649150176|964915017600000|99999|BROADWAY|ST|03|33019
9649139847|964913984700000|99999|OCALA|ST|03|28801
9649136898|964913689800000|00031|OCALA|ST|03|28801
9649137205|964913720500000|00070|MAGNOLIA|AVE|03|28801
9649217812|964921781200000|00064|FLINT|ST|03|28805
9649136016|964913601600000|00141|CUMBERLAND|AVE|03|28766
9649137773|964913777300000|00032|OCALA|ST|03|28801
9649137509|964913750900000|00229|FLINT|ST|03|28801
9649131311|964913131100000|00182|CUMBERLAND|AVE|03|30075
9649143514|964914351400000|00425|BROADWAY|ST|03|28804
9649133611|964913361100000|00191|CUMBERLAND|AVE|03|28801
9649138765|964913876500000|00018|OCALA|ST|03|28801
9649143328|964914332800000|00032|CAUBLE|ST|03|28802
9649147057|964914705700000|99999|BROADWAY|ST|03|28802
9649146213|964914621300000|99999|BROADWAY|ST|03|28802
9649137360|964913736000000|00200|FLINT|ST|03|28801
9649227170|964922717000000|00054|STARNES|AVE|03|28801
9649227215|964922721500000|00051|STARNES|AVE|03|28805
9649216654|964921665400000|00077|CHERRY|ST|03|28801
9649226908|964922690800000|00031|ELIZABETH|ST|03|28801
9649228531|964922853100000|00001|WOODLAWN|AVE|03|85716
9649229454|964922945400000|00024|ELIZABETH|PL|03|28801
9649230660|964923066000000|00035|MAGNOLIA|AVE|03|28801
9649227573|964922757300000|00003|WOODLAWN|AVE|03|28801
9649228547|964922854700000|99999|ELIZABETH|PL|03|28801
9649226531|964922653100000|00006|WOODLAWN|AVE|03|28801
9649220010|964922001000000|00056|CUMBERLAND|AVE|03|28801
9649231751|964923175100000|99999|BROADWAY|ST|03|28802
9649226220|964922622000000|00059|STARNES|AVE|03|24063
9649225671|964922567100000|00020|WOODLAWN|AVE|03|28802
9649226978|964922697800000|00029|ELIZABETH|ST|03|43506
9649012797|964901279700000|00097|COURTLAND|AVE|03|28748
9649013684|964901368400000|00048|HOUSTON|ST|03|10027
9639839894|963983989400000|00015|HAWTHORNE|LN|03|28801
9639839804|963983980400000|00019|HAWTHORNE|LN|03|28801
9649127327|964912732700000|00030|BLAKE|ST|03|28801
9649034405|964903440500000|00246|MONTFORD|AVE|03|28804
9649032395|964903239500000|00105|PEARSON|DR|03|32256
9649110821|964911082100000|00037|COURTLAND|AVE|03|28814
9649126620|964912662000000|00114|CUMBERLAND|AVE|03|28801
9649112125|964911212500000|99999|GUDGER|ST|03|29602
9649122492|964912249200000|00139|MONTFORD|AVE|03|28801
9649120451|964912045100000|00148|MONTFORD|AVE|03|28801
9649117835|964911783500000|00056|SHORT|ST|03|28801
9649121236|964912123600000|00134|MONTFORD|AVE|03|28801
9649139991|964913999100000|00007|OCALA|ST|03|28802
9649137260|964913726000000|00194|FLINT|ST|03|28801
9649139588|964913958800000|00039|MAGNOLIA|AVE|03|28801
9649139931|964913993100000|99999|BROADWAY|ST|03|28802
9649132609|964913260900000|00201|CUMBERLAND|AVE|03|77840
9649132678|964913267800000|00197|CUMBERLAND|AVE|03|28801
9649010363|964901036300000|00081|HOUSTON|ST|03|28803
9649037353|964903735300000|00011|CULLOWHEE|ST|03|28801
9649021629|964902162900000|99999|MADISON|ST|03|28805
9649014438|964901443800000|00051|HOUSTON|ST|03|28801
9649006852|964900685200000|99999|BARFIELD|AVE|03|28801
9649026408|964902640800000|00184|CHESTNUT|ST|03|28802
9649024721|964902472100000|00050|PEARSON|DR|03|28805
9649011743|964901174300000|00107|COURTLAND|AVE|03|28801
9649006986|964900698600000|99999|MICHAEL|ST|03|28207
9649011794|964901179400000|00103|COURTLAND|AVE|03|28801
9649024726|964902472600000|00056|PEARSON|DR|03|28801
9649036669|964903666900000|00032|SOCO|ST|03|28801
9649012745|964901274500000|00101|COURTLAND|AVE|03|28801
9649141078|964914107800000|00227|CUMBERLAND|AVE|03|28814
9649021614|964902161400000|00088|GAY|ST|03|28801
9649140200|964914020000000|00249|CUMBERLAND|AVE|03|28801
9649222155|964922215500000|00057|CUMBERLAND|AVE|03|30546
9649224291|964922429100000|00098|FLINT|ST|03|28801
9649213842|964921384200000|00094|STARNES|AVE|03|02143
9649223251|964922325100000|00116|FLINT|ST|03|28801
9649226754|964922675400000|00025|WOODLAWN|AVE|03|28801
9649218923|964921892300000|00065|FLINT|ST|03|28230
9649212494|964921249400000|00113|CHERRY|ST|03|28801
9649213761|964921376100000|00021|CUMBERLAND|AVE|03|28801
9649211439|964921143900000|00015|SHORT|ST|03|28804
9649216950|964921695000000|99999|FLINT|ST|03|28806
9649214930|964921493000000|00084|STARNES|AVE|03|28801
9649210339|964921033900000|00012|SHORT|ST|03|28711
9649220406|964922040600000|00088|ELIZABETH|ST|03|70116
9649214715|964921471500000|00016|HARRISON|ST|03|28801
9649213895|964921389500000|00090|STARNES|AVE|03|28802
9649213655|964921365500000|00015|CUMBERLAND|AVE|03|28801
9649212614|964921261400000|00024|CUMBERLAND|AVE|03|28801
9649222798|964922279800000|00145|FLINT|ST|03|28715
9649218883|964921888300000|00057|CHERRY|ST|03|30309
9649220485|964922048500000|00086|ELIZABETH|ST|03|28801
9649212369|964921236900000|00117|CHERRY|ST|03|28730
9649212555|964921255500000|99999|CUMBERLAND|AVE|03|28801
9649221205|964922120500000|00067|CUMBERLAND|AVE|03|28801
9649215914|964921591400000|00078|STARNES|AVE|03|15217
9649212305|964921230500000|00125|CHERRY|ST|03|28801
9649210587|964921058700000|00023|SHORT|ST|03|28801
9649215539|964921553900000|00093|CHERRY|ST|03|28801
9649059252|964905925200000|00475|BROADWAY|ST|03|28802
9649124158|964912415800000|00012|BLAKE|ST|03|28801
9649102891|964910289100000|99999|HILL|ST|03|28801
9649050286|964905028600000|00044|PANOLA|ST|03|94019
9649125262|964912526200000|00018|BLAKE|ST|03|28801
9649042180|964904218000000|00291|MONTFORD|AVE|03|28801
9649119239|964911923900000|00035|MONTFORD|AVE|03|28801
9649227728|964922772800000|00042|ELIZABETH|PL|03|28802
9649231457|964923145700000|00030|MAGNOLIA|AVE|03|28801
9649217746|964921774600000|00060|FLINT|ST|03|27103
9649211208|964921120800000|00135|CHERRY|ST|03|28801
9649133580|964913358000000|00177|CUMBERLAND|AVE|03|28801
9649032470|964903247000000|00109|PEARSON|DR|03|28753
9649135397|964913539700000|00073|MAGNOLIA|AVE|03|28801
9649137403|964913740300000|00063|MAGNOLIA|AVE|03|28801
9649136428|964913642800000|00222|FLINT|ST|03|28801
9649134308|964913430800000|00175|CUMBERLAND|AVE|03|28803
9649136339|964913633900000|00069|MAGNOLIA|AVE|03|28801
9649135405|964913540500000|00071|MAGNOLIA|AVE|03|98115
9649216905|964921690500000|00076|STARNES|AVE|03|28801
9649137664|964913766400000|00232|SHORT FLINT|ST|03|28801
9649138099|964913809900000|00182|FLINT|ST|03|28801
9649213735|964921373500000|99999|STARNES|AVE|03|02143
9649039271|964903927100000|99999|CUMBERLAND|ALY|03|98115
9649038223|964903822300000|00211|MONTFORD|AVE|03|28801
9649220315|964922031500000|00079|CUMBERLAND|AVE|03|28801
9649210936|964921093600000|00052|CUMBERLAND|AVE|03|28792
9649221117|964922111700000|00063|CUMBERLAND|AVE|03|12570
9649220371|964922037100000|00073|CUMBERLAND|AVE|03|60647
9649215863|964921586300000|00017|HARRISON|ST|03|28801
9649210374|964921037400000|00008|SHORT|ST|03|28802
9649136253|964913625300000|00072|MAGNOLIA|AVE|03|28779
9649138878|964913887800000|99999|OCALA|ST|03|28802
9649134381|964913438100000|00077|MAGNOLIA|AVE|03|32963
9649139398|964913939800000|00042|MAGNOLIA|AVE|03|28801
9649012681|964901268100000|00056|HOUSTON|ST|03|28801
9649227806|964922780600000|00028|ELIZABETH|ST|03|28814
9639846187|963984618700000|00028|TACOMA|ST|03|28801
9649045008|964904500800000|00262|CUMBERLAND|AVE|03|28801
9649228162|964922816200000|99999|STARNES|AVE|03|30309
9649014776|964901477600000|00014|HOUSTON|ST|03|28801
9649220759|964922075900000|00160|FLINT|ST|03|28801
9649047405|964904740500000|00034|CUMBERLAND|CIR|03|28801
9649214605|964921460500000|00013|CUMBERLAND|AVE|03|28801
9649224590|964922459000000|00119|FLINT|ST|03|28814
9639928215|963992821500000|99999|MORROW|ST|03|28801
9649020506|964902050600000|00034|PEARSON|DR|03|28802
9649020865|964902086500000|00010|RICHIE|ST|03|28803
9649025880|964902588000000|00045|PEARSON|DR|03|28801
9649021723|964902172300000|99999|MADISON|ST|03|28803
9649210210|964921021000000|00029|MONTFORD|AVE|03|28803
9649021864|964902186400000|00004|RICHIE|ST|03|28803
9649120868|964912086800000|00179|MONTFORD|AVE|03|28801
9639839384|963983938400000|00042|ROSEWOOD|AVE|03|28801
9639948289|963994828900000|00324|MONTFORD|AVE|03|28787
9639947363|963994736300000|00010|WATAUGA|ST|03|28805
9639948280|963994828000000|00320|MONTFORD|AVE|03|60647
9639947282|963994728200000|00033|DANVILLE|PL|03|28787
9639930985|963993098500000|00214|PEARSON|DR|03|28801
9649013633|964901363300000|00052|HOUSTON|ST|03|28801
9639940043|963994004300000|00216|PEARSON|DR|03|33408
9649046981|964904698100000|00062|CUMBERLAND|CIR|03|28801
9639756262|963975626200000|00387|PEARSON|DR|03|28801
9639930873|963993087300000|00011|HAWTHORNE|LN|03|28801
9649047709|964904770900000|00052|CUMBERLAND|CIR|03|28801
9639940112|963994011200000|00224|PEARSON|DR|03|28801
9649035243|964903524300000|00228|MONTFORD|AVE|03|28801
9649033280|964903328000000|00093|PEARSON|DR|03|28801
9649012630|964901263000000|00060|HOUSTON|ST|03|28801
9649035217|964903521700000|00230|MONTFORD|AVE|03|28743
9649121754|964912175400000|00169|MONTFORD|AVE|03|28801
9649121875|964912187500000|00173|CUMBERLAND|ALY|03|28801
9649229674|964922967400000|00031|ELIZABETH|PL|03|20602
9649120768|964912076800000|00171|MONTFORD|AVE|03|28801
9649222862|964922286200000|00149|FLINT|ST|03|28813
9649020809|964902080900000|00016|RICHIE|ST|03|28801
9649042138|964904213800000|00299|MONTFORD|AVE|03|28801
9649229707|964922970700000|99999|BROADWAY|ST|03|28801
9649002655|964900265500000|00125|HILL|ST|03|28801
9639947999|963994799900000|00017|PANOLA|ST|03|28801
9639915227|963991522700000|00124|HOUSTON|ST|03|28801
9639915403|963991540300000|00149|COURTLAND|AVE|03|28801
9649022878|964902287800000|00011|MADISON|ST|03|28801
9649023963|964902396300000|00068|PEARSON|DR|03|28801
9649023898|964902389800000|00064|PEARSON|DR|03|28801
9649013893|964901389300000|00093|COURTLAND|AVE|03|28801
9639963851|963996385100000|00160|ZILLICOA|ST|03|28815
9639956140|963995614000000|00049|ZILLICOA|ST|03|28815
9649124067|964912406700000|00111|MONTFORD|AVE|03|28801
9649036852|964903685200000|00046|SOCO|ST|03|28801
9649136471|964913647100000|00067|MAGNOLIA|AVE|03|28801
9649135567|964913556700000|00228|FLINT|ST|03|28801
9649135454|964913545400000|00071|MAGNOLIA|AVE|03|28801
9649013749|964901374900000|00095|COURTLAND|AVE|03|28805
9639943018|963994301800000|00207|PEARSON|DR|03|28801
9639919278|963991927800000|00091|HOUSTON|ST|03|28801
9639919236|963991923600000|00095|HOUSTON|ST|03|28801
9639758769|963975876900000|00039|HIBRITEN|DR|03|28801
9649210881|964921088100000|00040|CUMBERLAND|AVE|03|28801
9639908848|963990884800000|99999|HOUSTON|CIR|03|29602
9649039229|964903922900000|00016|CULLOWHEE|ST|03|28801
9649021825|964902182500000|00008|RICHIE|ST|03|28803
9639958120|963995812000000|00031|PANOLA|ST|03|28801
9639756433|963975643300000|00125|HIBRITEN|DR|03|28801
9639958052|963995805200000|00019|PANOLA|ST|03|28801
9649134784|964913478400000|00251|FLINT|ST|03|28801
9649135343|964913534300000|00075|MAGNOLIA|AVE|03|34684
9649135317|964913531700000|00075|MAGNOLIA|AVE|03|98115
9649136682|964913668200000|99999|FLINT|ST|03|28801
9649026445|964902644500000|00182|CHESTNUT|ST|03|28804
9649034158|964903415800000|00005|CULLOWHEE|ST|03|28801
9649033184|964903318400000|00091|PEARSON|DR|03|28803
9649224858|964922485800000|00065|ELIZABETH|ST|03|28801
9649224991|964922499100000|00063|ELIZABETH|ST|03|28804
9649215608|964921560800000|00022|HARRISON|ST|03|28801
9649220509|964922050900000|00087|ELIZABETH|ST|03|28801
9649046398|964904639800000|00026|CUMBERLAND|CIR|03|28801
9649221151|964922115100000|00059|CUMBERLAND|AVE|03|28801
9649027828|964902782800000|00194|MONTFORD|AVE|03|29202
9649215857|964921585700000|00015|HARRISON|ST|03|28801
9649224721|964922472100000|00052|ELIZABETH|ST|03|28801
9649210650|964921065000000|00027|SHORT|ST|03|28801
9639938694|963993869400000|00152|PEARSON|DR|03|28801
9639938452|963993845200000|00015|BIRCH|ST|03|28806
9639938412|963993841200000|00019|BIRCH|ST|03|28803
9649214866|964921486600000|00014|HARRISON|ST|03|10128
9649045830|964904583000000|00098|CUMBERLAND|CIR|03|28801
9649215890|964921589000000|00019|HARRISON|ST|03|28801
9649214783|964921478300000|00020|HARRISON|ST|03|28801
9649230205|964923020500000|00181|FLINT|ST|03|28801
9649004149|964900414900000|00135|HILL|ST|03|28801
9649217780|964921778000000|00073|CHERRY|ST|03|28801
9649223317|964922331700000|00120|FLINT|ST|03|90049
9649226457|964922645700000|00004|WOODLAWN|AVE|03|28801
9649212871|964921287100000|00031|CUMBERLAND|AVE|03|28801
9649225965|964922596500000|00033|ELIZABETH|ST|03|28801
9649115936|964911593600000|00089|MONTFORD|AVE|03|28801
9649222868|964922286800000|00155|FLINT|ST|03|28801
9649225799|964922579900000|00036|ELIZABETH|ST|03|29902
9649223657|964922365700000|00137|FLINT|ST|03|28802
9639918800|963991880000000|99999|COURTLAND|AVE|03|28801
9649036716|964903671600000|00003|WANETA|ST|03|28804
9649036777|964903677700000|00042|SOCO|ST|03|28804
9639913729|963991372900000|00182|COURTLAND|PL|03|27628
9639917127|963991712700000|00170|HOUSTON|PL|03|28801
9639838316|963983831600000|00050|ROSEWOOD|AVE|03|28801
9639912534|963991253400000|00193|COURTLAND|PL|03|28801
9639930666|963993066600000|00012|HAWTHORNE|LN|03|28801
9639843372|963984337200000|00053|TACOMA|CIR|03|28801
9639837950|963983795000000|00078|ROSEWOOD|AVE|03|28801
9639927858|963992785800000|00032|RICHIE|ST|03|98115
9639842650|963984265000000|00322|WESTOVER|DR|03|28801
9639842740|963984274000000|99999|WESTOVER|DR|03|28801
9639847897|963984789700000|00273|PEARSON|DR|03|28801
9639848137|963984813700000|00018|TACOMA|ST|03|28801
9649135591|964913559100000|99999|FLINT|ST|03|28801
9649045175|964904517500000|00258|CUMBERLAND|AVE|03|28801
9649045369|964904536900000|00265|CUMBERLAND|AVE|03|28801
9639928558|963992855800000|99999|GAY|ST|03|28801
9649226320|964922632000000|00097|FLINT|ST|03|28801
9649125085|964912508500000|00012|BEARDEN|AVE|03|28801
9649055382|9649055382C0004|00023|CATAWBA|ST|03|33176
9649239110|9649239110C0001|00241|BROADWAY|ST|03|28806
9649239110|9649239110C0002|00243|BROADWAY|ST|03|28801
9649119239|9649119239C000C|00035|MONTFORD|AVE|03|29202
9649119239|9649119239C000B|00035|MONTFORD|AVE|03|28805
9649055382|9649055382C0001|00023|CATAWBA|ST|03|33176
9649055382|9649055382C0002|00023|CATAWBA|ST|03|27030
9649225426|9649225426C0001|00117|FLINT|ST|03|27613
9649225426|9649225426C0003|00117|FLINT|ST|03|28749
9649225426|9649225426C0004|00117|FLINT|ST|03|28803
9649225426|9649225426C0002|00117|FLINT|ST|03|32720
9649115137|9649115137C0001|00036|MONTFORD|AVE|03|28801
9649115137|9649115137C0002|00036|MONTFORD|AVE|03|28601
9649239110|9649239110CR202|00241|BROADWAY|ST|03|28801
9649055382|9649055382C0003|00023|CATAWBA|ST|03|94612
9649239110|9649239110CR201|00241|BROADWAY|ST|03|28814
9649119239|9649119239C000A|00035|MONTFORD|AVE|03|28801
